{
  "dataset": "test_crop_data.csv",
  "timestamp": "2025-03-27T09:27:36.617810",
  "evaluation_time": 18.149696588516235,
  "models": {
    "random_forest_default": {
      "accuracy": 0.6,
      "cv_accuracy": 0.6025,
      "cv_precision": 0.6167728174603174,
      "cv_recall": 0.6025,
      "cv_f1": 0.5888231768231768,
      "classification_report": "              precision    recall  f1-score   support\n\n       apple       0.67      0.80      0.73         5\n      banana       0.80      0.80      0.80         5\n   blackgram       0.33      0.20      0.25         5\n    chickpea       0.43      0.60      0.50         5\n     coconut       0.60      0.75      0.67         4\n      coffee       0.83      1.00      0.91         5\n      cotton       1.00      0.67      0.80         3\n      grapes       1.00      0.50      0.67         4\n        jute       0.83      0.83      0.83         6\n kidneybeans       0.22      0.40      0.29         5\n      lentil       0.50      0.33      0.40         3\n       maize       1.00      1.00      1.00         4\n       mango       0.80      0.67      0.73         6\n   mothbeans       0.33      0.25      0.29         4\n    mungbean       0.50      0.25      0.33         4\n   muskmelon       0.57      0.80      0.67         5\n      orange       0.25      0.25      0.25         4\n      papaya       0.43      0.50      0.46         6\n  pigeonpeas       0.00      0.00      0.00         4\n pomegranate       0.80      1.00      0.89         4\n        rice       1.00      0.80      0.89         5\n  watermelon       0.67      0.50      0.57         4\n\n    accuracy                           0.60       100\n   macro avg       0.62      0.59      0.59       100\nweighted avg       0.62      0.60      0.60       100\n"
    },
    "random_forest_tuned": {
      "accuracy": 0.59,
      "cv_accuracy": 0.6074999999999999,
      "cv_precision": 0.6147053571428571,
      "cv_recall": 0.6074999999999999,
      "cv_f1": 0.5918116189366189,
      "classification_report": "              precision    recall  f1-score   support\n\n       apple       0.57      0.80      0.67         5\n      banana       0.80      0.80      0.80         5\n   blackgram       0.00      0.00      0.00         5\n    chickpea       0.38      0.60      0.46         5\n     coconut       0.67      1.00      0.80         4\n      coffee       0.83      1.00      0.91         5\n      cotton       1.00      0.67      0.80         3\n      grapes       1.00      0.25      0.40         4\n        jute       0.83      0.83      0.83         6\n kidneybeans       0.29      0.40      0.33         5\n      lentil       0.50      0.33      0.40         3\n       maize       1.00      1.00      1.00         4\n       mango       0.80      0.67      0.73         6\n   mothbeans       0.50      0.25      0.33         4\n    mungbean       0.67      0.50      0.57         4\n   muskmelon       0.43      0.60      0.50         5\n      orange       0.33      0.25      0.29         4\n      papaya       0.57      0.67      0.62         6\n  pigeonpeas       0.00      0.00      0.00         4\n pomegranate       0.80      1.00      0.89         4\n        rice       1.00      0.80      0.89         5\n  watermelon       0.33      0.25      0.29         4\n\n    accuracy                           0.59       100\n   macro avg       0.60      0.58      0.57       100\nweighted avg       0.60      0.59      0.58       100\n"
    },
    "xgboost_default": {
      "accuracy": 0.54,
      "classification_report": "              precision    recall  f1-score   support\n\n       apple       0.67      0.80      0.73         5\n      banana       0.67      0.80      0.73         5\n   blackgram       0.33      0.20      0.25         5\n    chickpea       0.33      0.60      0.43         5\n     coconut       0.75      0.75      0.75         4\n      coffee       0.80      0.80      0.80         5\n      cotton       1.00      0.67      0.80         3\n      grapes       0.25      0.25      0.25         4\n        jute       0.57      0.67      0.62         6\n kidneybeans       0.25      0.40      0.31         5\n      lentil       0.50      0.33      0.40         3\n       maize       1.00      1.00      1.00         4\n       mango       0.75      0.50      0.60         6\n   mothbeans       0.50      0.25      0.33         4\n    mungbean       0.67      0.50      0.57         4\n   muskmelon       0.71      1.00      0.83         5\n      orange       0.20      0.25      0.22         4\n      papaya       0.33      0.33      0.33         6\n  pigeonpeas       0.00      0.00      0.00         4\n pomegranate       0.67      0.50      0.57         4\n        rice       0.50      0.40      0.44         5\n  watermelon       1.00      0.75      0.86         4\n\n    accuracy                           0.54       100\n   macro avg       0.57      0.53      0.54       100\nweighted avg       0.56      0.54      0.54       100\n"
    },
    "xgboost_tuned": {
      "accuracy": 0.48,
      "classification_report": "              precision    recall  f1-score   support\n\n       apple       0.67      0.80      0.73         5\n      banana       0.67      0.80      0.73         5\n   blackgram       0.25      0.20      0.22         5\n    chickpea       0.25      0.40      0.31         5\n     coconut       0.75      0.75      0.75         4\n      coffee       0.80      0.80      0.80         5\n      cotton       1.00      0.67      0.80         3\n      grapes       0.25      0.25      0.25         4\n        jute       0.57      0.67      0.62         6\n kidneybeans       0.25      0.40      0.31         5\n      lentil       0.33      0.33      0.33         3\n       maize       1.00      1.00      1.00         4\n       mango       0.75      0.50      0.60         6\n   mothbeans       0.00      0.00      0.00         4\n    mungbean       0.00      0.00      0.00         4\n   muskmelon       0.56      1.00      0.71         5\n      orange       0.20      0.25      0.22         4\n      papaya       0.33      0.33      0.33         6\n  pigeonpeas       0.00      0.00      0.00         4\n pomegranate       0.67      0.50      0.57         4\n        rice       0.50      0.40      0.44         5\n  watermelon       1.00      0.25      0.40         4\n\n    accuracy                           0.48       100\n   macro avg       0.49      0.47      0.46       100\nweighted avg       0.49      0.48      0.47       100\n"
    }
  },
  "model_comparison": {
    "best_model": "random_forest_default",
    "metrics_comparison": {
      "accuracy": {
        "random_forest_default": 0.6,
        "random_forest_tuned": 0.59,
        "xgboost_default": 0.54,
        "xgboost_tuned": 0.48
      }
    },
    "cv_mean_scores": {
      "random_forest_default": 0.6025,
      "random_forest_tuned": 0.6074999999999999
    }
  }
}